{
  "plain": {
    "pr_auc": 0.693560156383225,
    "roc_auc": 0.9506215805174619,
    "precision": 0.8313253012048193,
    "recall": 0.7263157894736842,
    "f1": 0.7752808988764045,
    "threshold": 0.11,
    "tp": 69,
    "fp": 14,
    "fn": 26,
    "tn": 56637
  },
  "balanced": {
    "pr_auc": 0.6918292943706474,
    "roc_auc": 0.964481139832158,
    "precision": 0.6147540983606558,
    "recall": 0.7894736842105263,
    "f1": 0.6912442396313364,
    "threshold": 0.99,
    "tp": 75,
    "fp": 47,
    "fn": 20,
    "tn": 56604
  }
}