{
  "cis": {
    "none": {
      "point": 0.8267436113725661,
      "ci_low": 0.7487909257118145,
      "ci_high": 0.8978405830589977
    },
    "class_weight": {
      "point": 0.8270614853730412,
      "ci_low": 0.7516246186926998,
      "ci_high": 0.8963622789610518
    },
    "smote": {
      "point": 0.8080263409822585,
      "ci_low": 0.7293937883063693,
      "ci_high": 0.878900718966783
    },
    "undersample": {
      "point": 0.5499926076972194,
      "ci_low": 0.44646176372710195,
      "ci_high": 0.6481016392468005
    },
    "threshold_tuned": {
      "point": 0.8267436113725661,
      "ci_low": 0.7487909257118145,
      "ci_high": 0.8978405830589977
    }
  },
  "comparison": {
    "a": "class_weight",
    "b": "none",
    "mean_diff": 7.102915432106155e-05,
    "ci_low": -0.01466333769499482,
    "ci_high": 0.016471568670204592,
    "p_value": 0.97,
    "significant": false
  }
}